Type,MAT,TS,CT,TM,Shape,Size,Zeta Potential,Admin,DE_tumor
ONM,Other OM,Active,Breast,Xenograft Heterotopic,Plate,1.3852514100423612,-0.3940916923613149,5.162039451670427,0.21650244639956165
INM,Silica,Active,Cervix,Xenograft Heterotopic,Spherical,1.9055366554663336,-19.49689457853839,11.104413383065173,5.232270082552395
ONM,Polymeric,Active,Cervix,Xenograft Heterotopic,Spherical,2.166203342396941,-17.644688736106133,3.2841641367726657,0.7356024268280836
INM,Gold,Active,Cervix,Xenograft Heterotopic,Others,1.7703804810043746,-5.907883591367856,5.440046170682931,6.344696747973371
INM,Liposome,Passive,Colon,Allograft Heterotopic,Spherical,2.0917874195006907,-20.776618325769043,34.45063822822672,0.43993225152372684
INM,Iron Oxide,Passive,Brain,Xenograft Orthotopic,Spherical,1.9189641488294333,-10.276111151845559,12.076183863587747,6.347891924427992
ONM,Dendrimer,Passive,Skin,Xenograft Heterotopic,Spherical,2.0877918714013646,-0.7139170283534853,54.93395507840742,2.1651154465715567
ONM,Hydrogel,Passive,Brain,Xenograft Orthotopic,Spherical,0.7010714541415762,-6.181762498586419,6.326190502220175,0.3778307826729843
ONM,Other OM,Passive,Lung,Xenograft Heterotopic,Plate,2.2954181534346936,-1.3016846962127624,4.696815822128516,0.10475562773123093
INM,Gold,Active,Prostate,Xenograft Heterotopic,Others,0.5428672220543963,-6.7817530706916385,4.147101238794355,4.947865994900865
ONM,Polymeric,Passive,Breast,Xenograft Heterotopic,Spherical,2.1537266288975414,2.772664397558767,6.039589797226803,0.20977878961238802
ONM,Liposome,Passive,Breast,Xenograft Heterotopic,Spherical,2.2095449387071175,-20.972716544622344,5.736825688168015,0.21343684310953354
INM,Other IM,Active,Skin,Xenograft Orthotopic,Rod,1.0685046328473962,-17.74778691909779,5.01676162429317,8.17127037157483
ONM,Polymeric,Active,Skin,Xenograft Orthotopic,Spherical,1.788649903291692,-1.0667446732493135,4.999057133653925,0.15601918155106684
ONM,Other OM,Passive,Liver,Allograft Heterotopic,Spherical,2.367996167670984,38.366599467900905,3.35232547410813,0.000174073
INM,Other OM,Passive,Brain,Xenograft Heterotopic,Rod,1.8165861815239623,-1.7050720679852294,1.2933593037614752,0.3433447787900051
ONM,Other OM,Active,Skin,Xenograft Orthotopic,Spherical,2.087730221843358,-54.4390001650349,4.009097325198947,0.07684709085983019
ONM,Hydrogel,Passive,Liver,Allograft Heterotopic,Spherical,2.0266585341189347,17.819826242613917,0.7870039948116647,3.167591665627307
ONM,Polymeric,Passive,Liver,Allograft Heterotopic,Spherical,2.2376581064715664,-4.719739181125009,15.963938147241926,0.10407718540759045
ONM,Polymeric,Passive,Liver,Xenograft Heterotopic,Spherical,2.361273918025219,-6.255877110153479,36.45578346364954,0.3960371043951477
ONM,Polymeric,Active,Liver,Xenograft Heterotopic,Spherical,1.9781290621658623,-13.18794503036644,1.7273621049996772,0.1450473872051219
ONM,Polymeric,Passive,Colon,Allograft Heterotopic,Spherical,1.9461801618457695,-4.673519897446968,18.813907224532848,0.9136091781815054
ONM,Other OM,Active,Liver,Allograft Heterotopic,Spherical,2.3089771666728605,-13.228438469942168,4.029494901089707,8.491465523335126
ONM,Liposome,Passive,Brain,Xenograft Heterotopic,Spherical,1.8981055309943609,-4.867114929021488,35.93869572871273,0.36975855490025483
ONM,Hydrogel,Active,Liver,Allograft Heterotopic,Spherical,2.263455842234533,-42.95715262248242,7.734218661130271,0.2570875247912588
ONM,Other OM,Passive,Breast,Xenograft Heterotopic,Spherical,1.0342779133704982,-4.710987462283169,13.604768263845889,0.6157707875729552
INM,Gold,Active,Skin,Allograft Orthotopic,Spherical,1.2868689369732471,-2.400148921752484,8.556762486148742,6.9508045647789105
ONM,Polymeric,Passive,Lung,Xenograft Heterotopic,Spherical,1.8688102548873815,-2.6860373861553426,36.31184924817632,0.3979466361514581
ONM,Polymeric,Active,Cervix,Allograft Heterotopic,Spherical,2.4570101295298596,-10.250315858244662,4.5246175772892725,1.134231274111856
Hybrid,Other OM,Active,Brain,Xenograft Heterotopic,Spherical,2.6456500716025597,-22.87536120401053,57.860103640000005,4.396525317655345
ONM,Polymeric,Passive,Lung,Xenograft Heterotopic,Spherical,2.1063624426385514,-2.307534075794431,20.504361751965437,0.45235669885933005
INM,Silica,Passive,Skin,Xenograft Orthotopic,Spherical,2.128569712805726,-26.50375716154767,53.577111971627716,0.04157406719023136
ONM,Other OM,Passive,Breast,Allograft Heterotopic,Spherical,2.1777316686416186,-10.406463354353967,4.176518186789964,0.2730561117924566
ONM,Polymeric,Passive,Skin,Xenograft Orthotopic,Spherical,1.233551279554913,-0.9517777453383751,4.845042134301462,0.17122933146193325
ONM,Polymeric,Passive,Colon,Allograft Heterotopic,Spherical,1.2346578316036687,-0.5663480451205383,0.42530829043963975,0.6584211415398793
INM,Gold,Passive,Skin,Xenograft Orthotopic,Spherical,1.2615196768140264,-17.36123526694541,27.62174857078298,0.5656784293562591
ONM,Polymeric,Active,Glioma,Allograft Orthotopic,Spherical,1.8852259082779157,3.5405068443703698,0.5611331240410158,0.2560533116276478
ONM,Other OM,Passive,Lung,Xenograft Heterotopic,Rod,1.569973659192169,-8.064235881762514,5.832061644150072,0.3888197628354979
ONM,Polymeric,Active,Breast,Xenograft Heterotopic,Spherical,1.3835715239959407,-3.3879509346388303,14.477696498015069,0.5988097578802789
Hybrid,Hybrid,Active,Liver,Xenograft Heterotopic,Spherical,2.121594067847909,19.54350403026239,2.645079481164167,8.9007979892481
ONM,Polymeric,Active,Liver,Allograft Heterotopic,Plate,1.3722857676097702,-12.333921657280815,5.43588649289482,0.6500856477141908
ONM,Polymeric,Passive,Liver,Allograft Heterotopic,Spherical,2.0805833638575826,-5.988514038021126,3.7543423599473913,0.25577012984370295
INM,Iron Oxide,Passive,Prostate,Xenograft Heterotopic,Spherical,1.3125813170303877,-2.163610706340288,53.906376700625664,0.34641996488954907
ONM,Other OM,Passive,Liver,Allograft Heterotopic,Rod,1.6362841717829424,-15.559152233407712,5.036422912661651,0.07961213233708564
INM,Gold,Active,Skin,Xenograft Orthotopic,Spherical,1.2328492828937054,-18.739733861492233,3.0944473888286907,2.571041010193358
ONM,Liposome,Active,Brain,Xenograft Heterotopic,Spherical,2.3155901538419514,-20.41136354301372,1.223808435973659,0.9894267031348476
ONM,Other OM,Passive,Lung,Xenograft Heterotopic,Rod,1.7066498233033147,-17.94250450081393,42.91986783161058,0.034720655620941863
INM,Other IM,Passive,Breast,Xenograft Orthotopic,Rod,2.1396358521790595,-4.711345020326496,7.460720138105762,0.000174073
ONM,Other OM,Passive,Liver,Allograft Heterotopic,Spherical,2.0344405132254386,23.40400621882597,4.934157373727839,0.24822957528876283
ONM,Polymeric,Active,Breast,Allograft Heterotopic,Rod,1.33100329597112,-2.096978897009931,5.433821704402746,3.1996458160569548
ONM,Polymeric,Passive,Breast,Xenograft Heterotopic,Spherical,1.7276040347943504,-18.833064083832628,3.5649957135040387,0.18695872287540016
ONM,Dendrimer,Active,Liver,Allograft Heterotopic,Spherical,2.178378249745864,-15.673842595935728,31.680007099214514,0.3833546206992346
ONM,Other OM,Passive,Liver,Allograft Heterotopic,Rod,2.3084955896995885,2.39709154369341,25.4625874171151,0.6127726212621329
ONM,Other OM,Passive,Liver,Allograft Heterotopic,Rod,2.2239119421321405,-28.429535777505656,27.005469496910745,0.020212749307216088
ONM,Other IM,Passive,Cervix,Xenograft Heterotopic,Spherical,1.733099608631946,-1.4766963067051797,3.7780812204057286,0.0950028026415571
INM,Gold,Passive,Breast,Allograft Heterotopic,Others,1.7713302854197992,-1.6591581673348241,4.639231119147386,2.7600735974615707
ONM,Polymeric,Passive,Colon,Allograft Heterotopic,Spherical,1.768429486294546,1.7592277789968715,57.860103640000005,0.4301117533176231
INM,Gold,Passive,Skin,Allograft Orthotopic,Rod,1.0876437567424249,-30.719734743426244,19.34018444305808,0.49314816740414114
ONM,Other OM,Active,Breast,Xenograft Heterotopic,Rod,2.4402885902837963,-3.3795713874271858,9.923290251487764,4.137934142546664
ONM,Other OM,Passive,Liver,Allograft Heterotopic,Spherical,1.9551323353290706,5.659864454397309,4.949482778439149,0.000174073
INM,Polymeric,Passive,Pancreas,Xenograft Heterotopic,Spherical,1.7778364065174506,-43.28253988111754,4.349831053639158,0.2736115379284498
INM,Gold,Passive,Breast,Xenograft Heterotopic,Rod,1.4820533932945028,-17.260117154952773,2.5852318952497826,6.6300734253742695
ONM,Liposome,Passive,Others,Xenograft Heterotopic,Spherical,2.118209577319542,-57.114386528398605,15.427168048877999,0.2540732845278243
ONM,Other OM,Active,Skin,Allograft Orthotopic,Spherical,2.186181105899427,-13.379564357130127,4.26646334812585,0.4167694754009804
ONM,Polymeric,Active,Sarcoma,Allograft Orthotopic,Spherical,1.2192287848977064,-27.313856478770415,3.8998590607444568,0.13153247789302905
ONM,Other OM,Active,Pancreas,Xenograft Heterotopic,Plate,1.754611645411871,-2.1996195202621704,5.036901233304419,0.08584624293364876
ONM,Other OM,Active,Sarcoma,Allograft Heterotopic,Spherical,1.984206288970665,-8.557717946501,1.18384511691014,7.797047514507721
INM,Other IM,Passive,Breast,Allograft Heterotopic,Spherical,2.0856523452389433,-4.357642498443987,57.860103640000005,0.1433700296252108
INM,Gold,Passive,Pancreas,Xenograft Heterotopic,Others,1.0820736726767635,-1.301435147654367,4.6508296335919,1.5763909562351595
INM,Iron Oxide,Passive,Brain,Xenograft Heterotopic,Others,1.4857086872401446,-1.3243803243586256,28.0154410682516,1.774569048416279
ONM,Liposome,Passive,Liver,Xenograft Heterotopic,Rod,2.0594911783070726,-29.502760693836613,55.43419856209544,0.000174073
INM,Gold,Active,Skin,Xenograft Orthotopic,Spherical,0.6316994535574392,-14.30922231950491,3.5854988773293055,0.35155518053663687
ONM,Other OM,Passive,Skin,Allograft Orthotopic,Rod,1.9465944337186274,-14.745484810896967,28.507807173883265,0.2432920505210233
ONM,Other OM,Passive,Skin,Allograft Orthotopic,Spherical,2.1281113288023064,-39.48679540208091,4.160024007144327,0.000174073
INM,Other OM,Passive,Lung,Allograft Heterotopic,Plate,2.0747150516933988,-6.782192062903358,3.9789535302031833,1.16088088306415
ONM,Other OM,Passive,Liver,Allograft Heterotopic,Rod,2.370338666828395,-7.572835603856845,13.900045870147604,0.14295277907698964
INM,Other IM,Active,Breast,Allograft Heterotopic,Spherical,2.498911706519438,-9.961699036076103,6.537586431253972,4.474388676277726
Hybrid,Other OM,Active,Liver,Allograft Heterotopic,Rod,2.427102222826547,-17.988798506286884,6.366543075331849,0.2429263783327608
INM,Other IM,Active,Cervix,Xenograft Heterotopic,Spherical,1.9443207733853345,51.9561637910942,7.443872044005472,1.5799350757050354
INM,Gold,Active,Breast,Xenograft Heterotopic,Rod,1.44614473714432,3.087046490773851,5.083656304587816,0.9651329001123652
ONM,Other OM,Active,Pancreas,Xenograft Heterotopic,Others,2.109031961597272,-59.605599938753954,10.371747190353785,0.08633414254592049
ONM,Other OM,Passive,Sarcoma,Allograft Orthotopic,Plate,1.3466731938949288,-0.949992334609596,4.373129128156497,0.23627704724308216
ONM,Polymeric,Active,Brain,Xenograft Orthotopic,Spherical,1.8597992968419528,-3.9876520889139546,54.89860741309722,0.30039558586338616
ONM,Other OM,Active,Skin,Allograft Orthotopic,Spherical,2.065658830394017,-18.316377324027727,10.551443143348324,0.8031804055784686
INM,Other IM,Active,Lung,Xenograft Heterotopic,Plate,2.309165041691708,5.4542866334571425,4.929825589318715,0.3158125791783729
ONM,Other OM,Passive,Skin,Allograft Orthotopic,Rod,0.9758258666964303,-21.70422566843178,3.4103791023972363,0.6662976563563747
ONM,Other OM,Active,Lung,Xenograft Heterotopic,Plate,1.3911879609432038,-2.3764475375519796,13.049343361935838,0.45344337428736153
ONM,Polymeric,Active,Lung,Xenograft Heterotopic,Spherical,1.8519830972921647,7.4217890516544,5.565633971495353,0.34183302775491453
ONM,Other OM,Active,Skin,Xenograft Orthotopic,Spherical,1.1837753871230685,-5.649326462488197,5.063655572511958,0.29848896340731346
ONM,Liposome,Passive,Sarcoma,Xenograft Heterotopic,Spherical,2.0525085453206287,-19.623983044874635,5.1978783415333085,0.8649971302134956
ONM,Liposome,Passive,Liver,Allograft Heterotopic,Spherical,2.1168305185795058,-27.653935301331366,32.125254108583896,0.31023222822663493
ONM,Liposome,Passive,Colon,Xenograft Heterotopic,Spherical,2.1184149231768177,-4.558374939642694,24.020625971431915,0.4501330756625787
INM,Gold,Active,Cervix,Xenograft Orthotopic,Rod,1.0123039665494673,2.4645413581002984,5.7297115842084505,1.3656034321213046
ONM,Other OM,Passive,Breast,Xenograft Heterotopic,Plate,1.950012856751128,1.221645720356896,4.526281026000901,0.8234282995969218
ONM,Polymeric,Passive,Ovary,Xenograft Orthotopic,Rod,2.1202567683993108,-0.3869838218459023,3.1231724240512637,0.000174073
ONM,Polymeric,Active,Cervix,Xenograft Heterotopic,Spherical,2.000185530483563,-12.200783453863727,4.883442220080145,0.4561676658688454
INM,Hybrid,Active,Others,Xenograft Orthotopic,Spherical,2.081597937425028,1.221407231864962,51.25861592193007,0.3756850989018066
ONM,Other OM,Active,Breast,Allograft Heterotopic,Plate,1.413177685227575,-11.932974332026495,4.020280875888929,0.1748715520240713
ONM,Other OM,Passive,Breast,Allograft Heterotopic,Spherical,1.9286361786006632,-4.209915742173939,5.432017886356855,0.000174073
INM,Other IM,Active,Glioma,Xenograft Orthotopic,Spherical,1.9128521617106025,-23.605576953011767,4.56734094234043,0.013818082398913405
ONM,Other OM,Passive,Breast,Xenograft Heterotopic,Spherical,2.4005552078201147,-45.967841113550406,9.240776706094408,1.193594635743604
INM,Gold,Passive,Brain,Xenograft Heterotopic,Spherical,1.9554558774118809,-8.715630474236985,11.132653687463131,0.4270992115634692
INM,Iron Oxide,Passive,Brain,Xenograft Heterotopic,Others,1.4514902032271964,-0.8406933085015229,4.573160895647366,0.36727075129791903
INM,Iron Oxide,Passive,Others,Xenograft Heterotopic,Spherical,0.8866401858758123,-22.39440276922983,45.53750923038925,0.220596982393974
ONM,Other OM,Passive,Breast,Allograft Heterotopic,Spherical,2.464645865013738,-20.075436357774276,40.89800885003755,0.6851662350761034
ONM,Other OM,Passive,Lung,Xenograft Heterotopic,Spherical,1.9973156634979723,-4.809026344665062,27.15597995041646,0.0589420464386764
INM,Iron Oxide,Passive,Cervix,Xenograft Heterotopic,Spherical,1.8340341619100389,7.9289749226956445,2.644118297869899,0.9936010572689555
ONM,Liposome,Passive,Pancreas,Xenograft Heterotopic,Spherical,2.3753030973323,-27.877171740014347,15.24130618753787,0.5228155167803115
ONM,Liposome,Passive,Ovary,Xenograft Orthotopic,Spherical,0.7760994086856776,-0.1430818294546654,20.517044074724083,0.1263984384192538
ONM,Other OM,Passive,Breast,Xenograft Heterotopic,Rod,2.04836028281837,-11.698842057834952,36.705803867446285,0.7802179067907764
INM,Gold,Active,Skin,Xenograft Orthotopic,Spherical,1.7105267539477866,-2.868848574104731,27.406788327143015,2.866098579811706
ONM,Polymeric,Passive,Breast,Xenograft Heterotopic,Spherical,2.174111209545071,39.65535513786915,0.8651675853295158,8.796006700685988
INM,Hybrid,Passive,Breast,Allograft Heterotopic,Spherical,2.005704027877887,-1.740219391225979,20.673104865628034,1.8345126765359074
ONM,Liposome,Active,Liver,Allograft Heterotopic,Spherical,2.2544821230006376,-28.740721986055444,11.949356354130343,0.3184197609357091
ONM,Other OM,Passive,Lung,Xenograft Heterotopic,Spherical,2.2407072473534724,16.60866074346883,11.225175763448018,0.28397869305437845
INM,Gold,Passive,Others,Xenograft Heterotopic,Spherical,2.3972206470917854,-17.029393702329223,4.379717293282563,6.700298065603265
ONM,Other OM,Active,Liver,Xenograft Heterotopic,Spherical,2.2421610088384583,-20.693172670249478,6.390904504784789,0.1336010695672449
INM,Other IM,Active,Brain,Xenograft Heterotopic,Others,2.255738009588226,30.098416110370934,1.1835523614419214,9.812541105108785
ONM,Liposome,Passive,Breast,Allograft Heterotopic,Rod,2.4370905677744936,-8.541980903441967,24.37256204686439,5.065784137153356
ONM,Polymeric,Passive,Ovary,Xenograft Heterotopic,Spherical,1.485934105726969,33.098814324787256,4.800871746476518,0.16446680193916885
INM,Gold,Passive,Ovary,Xenograft Heterotopic,Rod,1.4364414317159164,-2.3789359595640738,3.3895789841310524,0.7070050942504771
ONM,Polymeric,Passive,Breast,Allograft Heterotopic,Spherical,2.128504366973593,0.9093421589758703,37.05953744682925,0.4271792722407033
ONM,Polymeric,Active,Breast,Allograft Heterotopic,Spherical,1.979281857980961,-5.864534722444562,11.294724859882015,0.07677500778882282
INM,Gold,Passive,Pancreas,Allograft Heterotopic,Others,1.038951531685913,-10.35240343076704,6.705050865538709,0.3357975262007087
ONM,Liposome,Passive,Colon,Allograft Heterotopic,Spherical,2.1068957820199725,-3.5770487015416093,18.33548970670763,0.14595001597223245
INM,Other IM,Passive,Cervix,Xenograft Heterotopic,Rod,1.6458502890990603,-3.001127386500219,6.2516687462603295,1.5880899431222417
ONM,Liposome,Passive,Colon,Allograft Heterotopic,Spherical,1.8504634593066438,12.545182199010164,31.592626969198783,0.25700497451050514
INM,Gold,Active,Breast,Xenograft Heterotopic,Others,0.4313638,-11.028306653381913,5.944085906817256,0.6516845756731222
ONM,Polymeric,Passive,Skin,Xenograft Orthotopic,Spherical,1.1212969707926563,-14.089024317927926,57.860103640000005,3.2769012180813633
INM,Iron Oxide,Active,Brain,Xenograft Heterotopic,Spherical,1.648896582208677,41.22015893635661,11.804588288389052,0.756574621262659
INM,Gold,Passive,Breast,Allograft Heterotopic,Rod,2.279496948026756,16.59246418582222,1.3941174729453714,1.4963302530863483
ONM,Polymeric,Passive,Breast,Allograft Heterotopic,Spherical,1.9672122008875028,-4.4600821772232315,17.12035817012077,0.2641868421551848
ONM,Polymeric,Passive,Ovary,Xenograft Heterotopic,Spherical,2.1403132197192156,-2.6481250583349394,18.382105974872186,0.25138240148521035
INM,Gold,Passive,Prostate,Xenograft Heterotopic,Others,1.8690876012122266,-20.457506354794422,12.755300896709217,1.2521888819107394
ONM,Polymeric,Active,Lung,Xenograft Heterotopic,Plate,1.5579153694787957,-6.025510600568968,12.620547750262446,0.3836815969477902
ONM,Other OM,Passive,Lung,Xenograft Heterotopic,Plate,1.443978362615915,3.8216320169740667,19.956041844634363,0.5941776369096814
INM,Iron Oxide,Active,Lung,Xenograft Heterotopic,Spherical,2.0563575169792854,13.171610233393617,12.687672074288585,0.09408718968337067
INM,Other IM,Active,Pancreas,Xenograft Heterotopic,Plate,1.9185698836791836,24.486110547354254,4.05419700887661,0.2761802073706563
ONM,Other OM,Passive,Breast,Xenograft Heterotopic,Spherical,1.3255328547810175,-6.379055302675684,33.24393904255536,0.39757600772086055
INM,Gold,Passive,Prostate,Xenograft Heterotopic,Spherical,2.023250213550232,-18.937893036722453,47.828590848317624,0.20180065464775235
ONM,Polymeric,Passive,Colon,Allograft Orthotopic,Spherical,1.4382434413321652,-1.0368670654753565,0.548572563957181,0.14458322951947652
ONM,Polymeric,Active,Cervix,Xenograft Heterotopic,Spherical,1.3109896381676864,-14.695245622647185,5.595432220512097,1.5123917448995767
Hybrid,Gold,Passive,Pancreas,Xenograft Heterotopic,Others,1.5652707935426566,4.5050530413922525,3.6393244878916455,0.1852127847951536
ONM,Polymeric,Passive,Glioma,Allograft Orthotopic,Spherical,1.3715214907794877,-21.47513326749032,2.598395847468541,0.14452936476100217
ONM,Polymeric,Passive,Lung,Xenograft Heterotopic,Spherical,2.073488253709581,6.655288911898828,57.860103640000005,0.774077775570905
INM,Gold,Active,Brain,Xenograft Heterotopic,Spherical,1.9430345681475654,-9.105814219987415,12.285783694205644,0.28558155558222453
INM,Gold,Active,Skin,Xenograft Orthotopic,Rod,2.053302989659731,-28.421943621139942,12.969477290650497,0.14682340555629378
ONM,Polymeric,Passive,Liver,Allograft Heterotopic,Spherical,2.201048336377963,-5.743818440197074,57.860103640000005,4.3436876085155225
ONM,Other OM,Passive,Breast,Xenograft Heterotopic,Rod,2.2356726091132924,-3.3935749295202697,4.654478046687252,0.5260425064229941
INM,Gold,Active,Skin,Xenograft Orthotopic,Others,1.2827317839396273,-14.69599987802203,4.895442247719465,0.19103247206874666
ONM,Other OM,Passive,Lung,Xenograft Heterotopic,Plate,2.323970641016922,-14.240303692133514,4.630345824008693,0.00866826012898899
ONM,Polymeric,Passive,Breast,Allograft Heterotopic,Spherical,2.0683713465299176,-2.1684992814916604,9.37218860908086,1.4312621632786393
ONM,Polymeric,Passive,Breast,Xenograft Heterotopic,Spherical,2.1127621728117862,8.190854856632733,0.2946492202915214,7.845998577349535
ONM,Liposome,Passive,Cervix,Xenograft Heterotopic,Spherical,2.0599730497552957,-55.32946711539077,13.11712142922737,0.5161412600596249
INM,Hybrid,Active,Skin,Allograft Heterotopic,Spherical,2.1120487332404045,-15.08914221573971,36.91612095700317,1.265958610173736
ONM,Other OM,Passive,Sarcoma,Allograft Orthotopic,Spherical,0.9998167758457432,-19.909471660708725,5.246826733807703,0.8653557036288064
ONM,Polymeric,Passive,Breast,Xenograft Orthotopic,Spherical,1.8654464429805697,-0.5237130689210903,8.43157940350516,0.2187278385234612
INM,Other IM,Passive,Lung,Xenograft Heterotopic,Others,2.1906908486740386,12.312141765363785,18.854681845315763,0.3731229559723774
ONM,Liposome,Passive,Liver,Allograft Heterotopic,Spherical,2.213371070152374,-43.25949301725804,9.55173413289144,0.000174073
INM,Other IM,Passive,Prostate,Xenograft Heterotopic,Spherical,1.0061793213304453,34.24968032377401,5.53166828566965,5.226366912918552
ONM,Polymeric,Passive,Pancreas,Xenograft Heterotopic,Rod,1.867941488674322,-22.255120980766513,4.012730283597402,0.4238121095679253
ONM,Liposome,Active,Breast,Allograft Heterotopic,Spherical,2.143212492789383,-14.399133246085182,1.3563634301622964,0.5248501274763442
ONM,Polymeric,Active,Brain,Xenograft Orthotopic,Spherical,1.5225562798228238,-23.532170790375233,12.780131667764039,0.27756427210346707
ONM,Polymeric,Passive,Liver,Allograft Orthotopic,Others,2.298002404257227,16.964467760145975,3.703147372670908,0.0007315005344219951
ONM,Other OM,Passive,Liver,Allograft Heterotopic,Rod,1.8687197283794756,-14.343718271135769,5.2898983931130426,0.18142600589218993
ONM,Other OM,Passive,Breast,Allograft Heterotopic,Rod,2.40073248174072,-9.059734909674619,24.511424956285254,0.5151621825877983
ONM,Other OM,Active,Cervix,Xenograft Heterotopic,Spherical,2.0446550946895177,4.985386318473649,1.274001991006164,0.9408407111066341
Hybrid,Hybrid,Passive,Breast,Allograft Heterotopic,Spherical,2.0995961068717763,-10.581422970891577,27.328446208527186,0.6684044393137145
ONM,Polymeric,Active,Breast,Xenograft Heterotopic,Spherical,1.5629017881186866,-42.60846447485727,2.1880820502817575,1.250762060567236
ONM,Other OM,Active,Pancreas,Xenograft Heterotopic,Plate,1.7193509337961237,-2.1269210370200096,5.1457528776546155,1.304800319876458
INM,Gold,Active,Pancreas,Xenograft Orthotopic,Rod,2.0117388625595107,-0.24673354947840664,5.167791807792018,7.160364520570312
ONM,Other OM,Active,Breast,Allograft Heterotopic,Rod,2.6086467909507687,-15.609265421306784,11.5368501115883,0.000174073
ONM,Hydrogel,Active,Brain,Xenograft Orthotopic,Spherical,1.8384081455972656,-16.31160782896879,12.269710514975575,0.49972527428834995
ONM,Polymeric,Active,Breast,Xenograft Heterotopic,Spherical,2.1764100343862864,-46.29549566481004,4.612478714091621,0.10262915432304325
Hybrid,Hybrid,Passive,Breast,Allograft Heterotopic,Spherical,2.127771476334766,-4.976404010253505,43.546963062167755,9.968918779500003
ONM,Other OM,Passive,Breast,Allograft Orthotopic,Rod,2.3333006135927867,0.0005093220553540334,33.62469803564849,8.580999985421034
ONM,Other OM,Active,Sarcoma,Allograft Orthotopic,Rod,1.9825280762239386,-23.27321389502149,3.646014437374,0.1488703955831741
INM,Other IM,Active,Prostate,Xenograft Heterotopic,Spherical,1.8573048240701577,-7.577468673724742,6.383553649188881,0.3126982964779734
INM,Other IM,Passive,Cervix,Xenograft Heterotopic,Spherical,0.5800629054592994,-11.734425404889542,5.229509649544449,1.9209471756564511
ONM,Polymeric,Passive,Colon,Xenograft Heterotopic,Spherical,0.7330018512093639,0.26848435973773577,57.860103640000005,0.40194789721748847
ONM,Polymeric,Passive,Liver,Allograft Heterotopic,Spherical,1.784747938411614,-10.541818181083807,3.9028192446402112,0.46350610773876627
ONM,Other OM,Passive,Colon,Allograft Orthotopic,Spherical,2.2128341380231764,2.0781838814392444,52.47441769393841,0.10177415491975782
INM,Other OM,Passive,Breast,Allograft Orthotopic,Rod,1.7057722980972345,-21.230367395522116,1.0482722824868227,2.8618326317931353
INM,Gold,Passive,Ovary,Xenograft Heterotopic,Others,1.8636441090419242,37.41335444911806,47.81091268034004,0.620423426495363
ONM,Liposome,Passive,Colon,Allograft Heterotopic,Spherical,1.8498641782414305,-4.669336775839426,40.31896376824872,0.9890330802043641
ONM,Polymeric,Passive,Ovary,Xenograft Orthotopic,Spherical,0.6797215786490721,-1.85394457834792,23.38820965454264,0.2098157793746408
ONM,Other OM,Active,Breast,Xenograft Heterotopic,Plate,2.2698658748133185,-14.78285965952655,14.389694511221913,1.929500811328285
Hybrid,Polymeric,Active,Cervix,Xenograft Heterotopic,Spherical,1.8413219997786874,12.496478030990533,4.430316758943222,0.2404465734283443
INM,Other IM,Passive,Sarcoma,Allograft Orthotopic,Spherical,0.9155728144672559,-11.715946519749684,4.142372768026364,0.3055436214192957
ONM,Liposome,Active,Liver,Xenograft Heterotopic,Spherical,2.077875071596763,-42.49980325303618,10.921952782091275,0.000174073
INM,Gold,Passive,Prostate,Xenograft Heterotopic,Others,1.3622210911717902,-20.41533657726017,5.922730900686899,0.31661910261918086
INM,Gold,Active,Breast,Allograft Orthotopic,Spherical,1.502917608908353,-12.233433333827817,2.408890388389498,0.5504977751937921
ONM,Other OM,Passive,Colon,Allograft Heterotopic,Rod,2.4054153941913046,2.9288954241615466,33.38890431549751,0.19143114906904007
ONM,Dendrimer,Active,Breast,Xenograft Heterotopic,Spherical,0.9192845161455573,-11.728412582058123,1.35e-09,9.796979342045322
ONM,Polymeric,Passive,Breast,Xenograft Heterotopic,Spherical,2.090945567761897,-16.63822813580434,5.5633741712279114,0.3217653371968845
ONM,Other OM,Active,Breast,Xenograft Heterotopic,Spherical,1.7693968927426085,1.1635143608905913,4.435421201726083,0.1733241664721749
ONM,Dendrimer,Active,Sarcoma,Allograft Heterotopic,Spherical,0.8621509350341195,-4.842825709407649,0.15515215390981218,8.817566066619992
ONM,Polymeric,Passive,Skin,Allograft Orthotopic,Rod,1.7767348576206747,-12.512036557970585,3.461430778379226,0.33127765004370124
ONM,Liposome,Passive,Breast,Xenograft Heterotopic,Spherical,1.4703673690373873,-11.46367299565606,3.9335542002955055,0.5837488418828962
INM,Iron Oxide,Passive,Prostate,Xenograft Heterotopic,Spherical,1.855290590864565,-18.278611982188515,31.561883979868945,6.481170447710746
INM,Gold,Passive,Breast,Xenograft Heterotopic,Spherical,1.187806450003956,-3.381625691923693,0.7102493375498413,1.4808424204896053
ONM,Polymeric,Passive,Ovary,Allograft Orthotopic,Spherical,1.0274663956408605,1.5449770044756153,3.8819267234152575,0.22968170055943382
ONM,Hydrogel,Passive,Liver,Allograft Heterotopic,Spherical,2.114284982154496,-11.588999062767135,4.781614645778173,0.36435291616091475
INM,Gold,Passive,Brain,Xenograft Heterotopic,Others,2.2543658790136627,-4.052009035643717,4.677827877786624,0.6094482567104094
ONM,Other OM,Active,Colon,Allograft Heterotopic,Spherical,2.1694642475781083,-9.970750321617642,26.21994231593404,2.0167213195643416
ONM,Polymeric,Passive,Skin,Allograft Orthotopic,Spherical,2.421729716047564,-29.363652140984815,5.293021984451641,0.3920527791284334
ONM,Polymeric,Passive,Cervix,Xenograft Heterotopic,Spherical,2.297996846042524,25.35942841542733,4.755829809065028,0.3838344116688909
ONM,Other OM,Passive,Liver,Allograft Heterotopic,Rod,2.2666123315059306,-17.266237661790054,0.8349168675445937,5.596877760921688
INM,Gold,Passive,Others,Xenograft Heterotopic,Spherical,1.8240648308880099,-3.2081186222369746,57.512439891092214,9.968918779500003
INM,Gold,Passive,Skin,Xenograft Orthotopic,Rod,1.3474806844783218,-2.174793238462067,1.2463731127991369,4.913883641204485
ONM,Hydrogel,Active,Liver,Allograft Heterotopic,Spherical,2.65199389639649,10.526186664383522,3.522449589863215,0.30311638669154384
ONM,Hydrogel,Active,Brain,Xenograft Heterotopic,Spherical,1.553185777146946,-0.031409063539647564,40.42459953716464,5.363341330699888
INM,Gold,Active,Sarcoma,Xenograft Heterotopic,Others,1.0296773501376384,0.1009303967720605,57.860103640000005,0.8699847994719214
INM,Gold,Passive,Ovary,Xenograft Heterotopic,Others,2.3881045369492093,17.45070643373169,1.370242015552141,0.4779391247557326
Hybrid,Other OM,Active,Liver,Allograft Heterotopic,Spherical,2.454735163294584,-5.694461758407359,44.394672535966286,1.8355829112891535
Hybrid,Hybrid,Passive,Breast,Xenograft Heterotopic,Rod,2.085422111838838,-2.788101724179899,5.9136314414331625,0.5933014841009656
INM,Gold,Active,Cervix,Xenograft Heterotopic,Spherical,2.081348685850993,32.908732373959,5.611165624390606,1.200663806617559
INM,Other IM,Active,Cervix,Xenograft Heterotopic,Others,2.117036006641726,5.018269318941937,5.442043095412524,1.3779048473194129
ONM,Polymeric,Passive,Cervix,Xenograft Heterotopic,Spherical,1.8289551315709698,41.5372100205026,18.525149720385848,1.2435490165160359
ONM,Other OM,Passive,Lung,Allograft Heterotopic,Rod,1.9567651866635274,-1.2487883018804502,1.2390833122446612,0.2896942090634809
ONM,Other OM,Passive,Brain,Xenograft Heterotopic,Rod,2.3219453281912914,-15.15105945889053,10.541854342298196,0.0978686107848892
INM,Other IM,Active,Lung,Xenograft Heterotopic,Spherical,1.291125167616293,5.7890879265737745,1.542365600019631,9.968918779500003
ONM,Polymeric,Passive,Prostate,Xenograft Heterotopic,Spherical,1.4605701253160281,-2.38857188946222,11.627899271861889,0.22930612086042196
INM,Liposome,Passive,Breast,Xenograft Heterotopic,Spherical,1.992752344686932,-36.98675501288925,12.814435096442724,0.362372311025845
ONM,Other OM,Active,Breast,Allograft Heterotopic,Spherical,2.243471410101382,-29.080958840110146,0.13182296543224406,1.1358651633029404
ONM,Liposome,Passive,Breast,Allograft Heterotopic,Spherical,1.9361572038212707,-17.925069038741412,11.981013129297159,0.04621123484504169
INM,Other IM,Active,Cervix,Xenograft Heterotopic,Spherical,2.0279224022046787,-0.26559881434754873,15.433580558209645,1.1400949390001296
INM,Gold,Active,Prostate,Xenograft Heterotopic,Rod,0.4313638,-6.612958324160871,2.828123073303911,0.6849191437967015
ONM,Silica,Active,Breast,Allograft Heterotopic,Spherical,2.0574602459177904,-20.660083798073668,57.860103640000005,1.8892920244885452
INM,Other OM,Active,Lung,Xenograft Orthotopic,Plate,2.126100349391552,-2.414247935560029,14.922627527671043,0.06895944402788243
ONM,Liposome,Passive,Liver,Xenograft Heterotopic,Spherical,2.0726369266257443,6.6446317417075065,4.013499976410489,0.24019902796664774
ONM,Polymeric,Passive,Glioma,Allograft Orthotopic,Plate,2.292970945625739,-7.268521914701153,0.6830003457941543,0.5016969619061946
ONM,Polymeric,Active,Cervix,Xenograft Heterotopic,Spherical,1.6572134193602137,-21.27793482091092,3.502402511582747,0.8913112315394027
INM,Other IM,Passive,Breast,Allograft Heterotopic,Others,0.9187965003164809,-17.074988693259364,5.122731625926024,0.24181652408882043
ONM,Dendrimer,Active,Colon,Xenograft Heterotopic,Spherical,1.0701752186964266,-15.237457480712125,1.2016993677197427,6.833244025862335
ONM,Liposome,Passive,Colon,Allograft Heterotopic,Spherical,1.6425689044579026,-4.7418469433277215,33.701360812706874,0.8451502410149117
ONM,Polymeric,Passive,Ovary,Xenograft Orthotopic,Spherical,1.8840551985699538,-6.548668845475436,15.223409451470985,0.14637486884175582
Hybrid,Hybrid,Passive,Breast,Xenograft Heterotopic,Rod,2.0122338381430613,21.291853822612914,3.4859451869601035,9.968918779500003
INM,Other IM,Passive,Breast,Xenograft Heterotopic,Spherical,2.0768993595205303,-13.424762263595095,4.222263929609239,0.3497047576156641
ONM,Polymeric,Passive,Breast,Allograft Heterotopic,Spherical,0.5583567587101469,-29.807841325540277,2.85549537100418,0.2878780496308859
ONM,Dendrimer,Active,Skin,Xenograft Orthotopic,Spherical,0.7347510362282623,-13.564793788635827,1.753999611810364,9.968918779500003
ONM,Other OM,Passive,Skin,Allograft Orthotopic,Spherical,1.8057997808938138,-20.256042210330108,4.134380546066092,0.2188945334497947
ONM,Polymeric,Passive,Glioma,Allograft Orthotopic,Spherical,2.0258060782144516,8.442506811815067,57.860103640000005,0.39007818926486126
INM,Gold,Active,Skin,Xenograft Orthotopic,Spherical,2.0530829739269425,-9.606911689941168,10.909144218036507,2.062640530263735
INM,Other OM,Active,Brain,Xenograft Heterotopic,Spherical,2.069066359561288,-30.23356574958472,36.18405549670715,0.4987626898699506
ONM,Other OM,Active,Brain,Xenograft Heterotopic,Spherical,2.1047480512025967,-7.924250416642284,6.941592707251433,1.1092287017240703
INM,Gold,Passive,Brain,Xenograft Orthotopic,Others,1.0400459517391942,-1.8743207641735817,4.877836117427013,1.2583117453783226
INM,Hybrid,Active,Skin,Xenograft Orthotopic,Spherical,1.0479937049282495,-22.864651403258637,4.128744821559344,1.077049201306143
ONM,Other OM,Active,Breast,Xenograft Heterotopic,Rod,2.5997771072631646,-2.25927829407053,24.986806480539148,1.4516249394188696
ONM,Liposome,Passive,Colon,Allograft Heterotopic,Spherical,2.2657771637350392,-19.818685726714634,34.8265950374043,0.3016092258219262
INM,Other IM,Active,Glioma,Xenograft Orthotopic,Rod,2.481815521516747,32.934789496479056,47.725856118664225,4.178349221973475
INM,Polymeric,Active,Cervix,Xenograft Orthotopic,Spherical,1.8390321870979567,-18.86795667023182,10.929953925285185,1.3723877175198576
Hybrid,Hybrid,Passive,Liver,Allograft Heterotopic,Spherical,2.2850679601207053,4.034369626947324,42.35638834439853,1.302265297211302
ONM,Polymeric,Passive,Lung,Xenograft Heterotopic,Spherical,2.199076403272127,-0.7650956735400766,4.422492852870174,0.2315148282051985
ONM,Polymeric,Passive,Colon,Xenograft Heterotopic,Spherical,1.9567908427936482,-0.627340129277437,41.720571788572975,0.3421900565405134
INM,Hydrogel,Passive,Breast,Allograft Heterotopic,Others,2.570324462247764,-7.545430641918778,5.23391055116443,0.349932413020993
ONM,Other OM,Passive,Lung,Xenograft Heterotopic,Spherical,2.1702512257502193,-4.660416414000448,48.04112142844607,0.41807474404534817
INM,Other IM,Active,Glioma,Xenograft Orthotopic,Spherical,1.5929121324237745,-1.9517283221203838,0.3454809369818779,1.6443539179588775
ONM,Polymeric,Active,Glioma,Allograft Heterotopic,Spherical,2.2157385506014764,-26.41073603823177,0.6325611009162955,0.000174073
ONM,Polymeric,Passive,Lung,Xenograft Heterotopic,Spherical,1.8792850724546635,-5.873396952379444,2.718228528100815,0.24666133035496998
INM,Gold,Passive,Skin,Allograft Orthotopic,Spherical,1.2832010821876394,-30.632717724961402,4.449732617577565,0.4411892791872737
ONM,Dendrimer,Passive,Breast,Xenograft Heterotopic,Spherical,2.2777092151377727,-20.691011307789157,1.0651319455098078,0.48552164339388587
INM,Gold,Active,Breast,Xenograft Heterotopic,Rod,1.4061166924511859,0.18474831773278932,7.186016264323802,3.6263420608076853
INM,Gold,Passive,Cervix,Xenograft Heterotopic,Rod,1.15959946853515,-23.08438888852188,6.639439789358549,0.41177439015808986
ONM,Polymeric,Passive,Breast,Allograft Heterotopic,Spherical,2.3691911715624174,4.477387855817339,40.53999731488554,2.7003161659926187
INM,Liposome,Passive,Glioma,Xenograft Orthotopic,Spherical,1.9174014805724298,-22.242573953784465,57.860103640000005,0.1763693781024914
INM,Other IM,Active,Liver,Allograft Heterotopic,Spherical,2.113788795120935,-9.189010409207995,9.936284416924435,1.0535927607594693
INM,Gold,Passive,Pancreas,Xenograft Heterotopic,Others,1.9418169264942606,-16.086605907178757,17.186017373312943,0.4564096680434837
INM,Other IM,Active,Liver,Allograft Heterotopic,Spherical,2.0570986122730672,-7.743700391229245,5.172066387071878,0.08068687192843418
ONM,Hydrogel,Passive,Lung,Xenograft Heterotopic,Others,1.9148813885991256,13.5516188782994,4.568303336862545,0.3978291324447013
INM,Other IM,Passive,Sarcoma,Xenograft Heterotopic,Spherical,2.127908796752881,19.692917382934027,7.580177223250612,9.293714032516359
Hybrid,Hybrid,Passive,Liver,Xenograft Heterotopic,Spherical,2.512662631537242,54.515107182315376,31.777122934658628,9.968918779500003
INM,Gold,Active,Skin,Xenograft Orthotopic,Rod,1.9227716608689231,-42.862560606181646,21.451790008480124,0.8025648761361541
Hybrid,Hybrid,Passive,Colon,Allograft Heterotopic,Rod,2.22225085801174,0.4885666704779674,17.68171435995282,2.308211865414294
ONM,Polymeric,Passive,Breast,Allograft Heterotopic,Spherical,2.08907311044178,2.5991437249910803,15.509197863837567,0.4648156843369264
INM,Gold,Passive,Pancreas,Xenograft Heterotopic,Others,1.1414579499858815,-9.008816065028064,3.453159663683188,1.09093535864444
INM,Polymeric,Active,Skin,Xenograft Orthotopic,Spherical,1.808198549306478,-0.048802923355866,18.746515208125384,1.3670466258615401
ONM,Other OM,Passive,Breast,Allograft Orthotopic,Plate,1.8757650185251014,-6.190416856813882,4.5875112267330564,0.07606157122616916
INM,Other IM,Passive,Breast,Xenograft Heterotopic,Rod,2.1554363136546746,14.366954852876187,5.247696934455816,0.42384750977854346
ONM,Polymeric,Active,Colon,Allograft Heterotopic,Spherical,2.1379377669743,-9.920653927410546,7.009334653764338,0.24545312143299686
INM,Other IM,Passive,Breast,Allograft Heterotopic,Rod,2.015744243361503,-9.373620183937172,5.806325858599502,0.5865765788214179
INM,Gold,Active,Skin,Xenograft Orthotopic,Spherical,0.6099681353435336,-19.736819516325266,1.0412690808450686,2.376782867186348
INM,Silica,Active,Skin,Xenograft Orthotopic,Spherical,1.3072557443682522,-4.281529951337122,3.735341719816266,0.6709526015727891
INM,Gold,Passive,Ovary,Xenograft Orthotopic,Spherical,1.1784103173840854,-20.061815542218522,19.189067028556327,0.1482793408382531
ONM,Liposome,Passive,Breast,Allograft Heterotopic,Spherical,1.9142598501355197,-35.15703566475256,4.856286807823276,0.28868840359479436
Hybrid,Hybrid,Active,Liver,Allograft Heterotopic,Spherical,1.8110097789674167,-19.88842567558171,5.464970830083057,1.5648494115092046
ONM,Other OM,Active,Breast,Allograft Heterotopic,Plate,1.6061241865721374,0.5331409689193056,17.002470672474896,0.13043581059386336
INM,Other IM,Active,Cervix,Xenograft Heterotopic,Spherical,1.4748768271546069,-19.606608819525288,2.570323849029355,1.3213018245654564
ONM,Polymeric,Active,Skin,Allograft Heterotopic,Spherical,1.73829613349813,-7.054895783825522,28.487182990022195,1.2071576635816204
Hybrid,Polymeric,Active,Lung,Xenograft Heterotopic,Spherical,1.9807812385437993,43.04228034213411,3.425558839743231,3.8132774886362313
ONM,Polymeric,Passive,Lung,Xenograft Heterotopic,Spherical,2.2535403798370015,-0.6874979684212423,10.88885260896753,1.9187612403306749
ONM,Polymeric,Active,Skin,Allograft Heterotopic,Spherical,1.5637858230389106,-18.72857067483877,11.930902868474918,0.8172217641073654
ONM,Other OM,Active,Prostate,Allograft Heterotopic,Spherical,1.0117773704913124,-0.22361879999504808,9.368555170449488,0.18602284483879555
ONM,Polymeric,Passive,Colon,Xenograft Heterotopic,Spherical,1.2343304751103996,-5.32880485632107,17.76650801416934,0.943502066730955
INM,Other IM,Active,Breast,Xenograft Heterotopic,Others,1.49963416890723,1.311491194368379,4.956213563061223,0.324008687178187
INM,Other IM,Active,Cervix,Xenograft Heterotopic,Spherical,2.00994937509061,-13.720110824654785,6.325041444719524,4.368713441583243
ONM,Liposome,Passive,Colon,Allograft Heterotopic,Spherical,2.057090115443747,4.849011814170277,2.89681300914245,0.0014963707568921172
INM,Silica,Active,Prostate,Xenograft Heterotopic,Others,0.7041057513733999,-0.8424298255283453,6.0877422302331095,0.5735073331415732
ONM,Polymeric,Passive,Colon,Allograft Heterotopic,Spherical,1.696568641262255,-16.67358491336396,8.19207616502879,0.6490013371788079
Hybrid,Hybrid,Passive,Liver,Xenograft Heterotopic,Rod,2.3985978328196773,33.0314746219166,24.05556383623339,7.812964066612944
ONM,Other OM,Active,Breast,Xenograft Heterotopic,Rod,2.394766787323673,-2.8815994889503056,12.260937864860079,9.968918779500003
INM,Other IM,Passive,Pancreas,Allograft Heterotopic,Spherical,1.702506679573471,-1.191234504267042,15.801299025710385,0.6624675016754702
ONM,Other OM,Passive,Ovary,Xenograft Heterotopic,Spherical,1.6265282716914666,-21.77823731545331,5.212201534934666,0.11341763938951656
INM,Liposome,Active,Prostate,Allograft Heterotopic,Spherical,2.2740056650258365,-12.710790613391767,53.105945527783,9.400778403286818
ONM,Liposome,Passive,Liver,Allograft Heterotopic,Spherical,2.101138557463671,-11.302249327569479,30.13326362159764,0.1367483104265544
INM,Silica,Passive,Breast,Allograft Heterotopic,Rod,1.0722366951674058,-6.668102275319573,22.98382251971257,0.5604680635414045
INM,Other IM,Passive,Cervix,Xenograft Orthotopic,Spherical,1.7722403847959742,-27.208072800134186,6.256324315663882,0.9529747613349104
ONM,Other OM,Passive,Liver,Allograft Heterotopic,Spherical,2.2049534177846075,-5.801935167661613,28.52793038961073,2.3895640005046577
ONM,Liposome,Active,Colon,Allograft Heterotopic,Spherical,0.5348266310703109,-20.536478975874733,3.76100267395224,0.29617196431686904
INM,Silica,Passive,Cervix,Xenograft Heterotopic,Spherical,2.2138211689803446,-14.722983531221155,46.53833424721267,0.16805356760365284
ONM,Hydrogel,Passive,Liver,Allograft Heterotopic,Spherical,2.172726171151815,3.604697517647729,2.336417230681522,0.19113536745949736
ONM,Polymeric,Passive,Colon,Allograft Heterotopic,Others,1.4631929321501291,-14.823548004128805,7.678733539156742,0.42568572223932327
ONM,Polymeric,Passive,Colon,Allograft Heterotopic,Spherical,1.8888334718255597,-18.329535154035188,2.9694336411308746,0.000174073
ONM,Other OM,Passive,Lung,Xenograft Heterotopic,Spherical,1.9713062738638514,-0.9031879457085135,3.909827348073632,0.17274393340118308
ONM,Other IM,Active,Skin,Xenograft Orthotopic,Rod,2.086127989768928,-28.91243666309785,3.5423417240236477,0.000174073
ONM,Polymeric,Passive,Colon,Allograft Heterotopic,Spherical,1.8917302219202343,-14.784154144994767,10.719763237126402,0.19351094137325756
ONM,Polymeric,Passive,Breast,Allograft Heterotopic,Spherical,2.1076168852252724,-15.130685887815908,57.860103640000005,6.292446643361096
ONM,Polymeric,Passive,Colon,Allograft Heterotopic,Spherical,1.8618814801425283,-1.560421904382659,1.91484747116044,0.2957388079880184
ONM,Polymeric,Active,Breast,Xenograft Heterotopic,Spherical,1.569180977160944,3.56744566600384,4.041130208378158,0.1469453926347853
INM,Other IM,Active,Pancreas,Xenograft Heterotopic,Spherical,2.014600557865206,-41.55651485349233,4.290085566727644,0.3974303638848645
INM,Hybrid,Active,Others,Xenograft Heterotopic,Spherical,1.7788677557481056,0.03315663032685845,26.130985626559596,6.177036419319933
INM,Gold,Passive,Breast,Xenograft Orthotopic,Spherical,0.6490932601958666,-4.709876659449174,3.644927628004737,1.9753281337216522
INM,Other IM,Passive,Sarcoma,Allograft Orthotopic,Spherical,1.041842940983554,-21.455779949286715,0.03756912338245786,1.5905502319871654
INM,Other IM,Active,Liver,Allograft Heterotopic,Spherical,2.2579656880542593,-17.383094249733404,4.974398448098248,0.24064916753527632
Hybrid,Hybrid,Active,Liver,Allograft Heterotopic,Rod,2.2914874527072975,15.161440767074472,1.7187548697145645,4.679099397492176
INM,Other IM,Active,Cervix,Xenograft Heterotopic,Others,1.9556504394660779,41.02822582650397,7.5849473979766895,1.444498124323827
ONM,Dendrimer,Passive,Ovary,Xenograft Heterotopic,Spherical,0.7455354327611596,-4.008740196811772,23.637147595307674,1.6950674628347335
ONM,Other OM,Active,Brain,Allograft Heterotopic,Rod,2.0948487688232804,-11.75600498880764,5.199894244339221,0.30561087364980555
INM,Gold,Active,Skin,Xenograft Heterotopic,Spherical,1.9329485434043572,-6.97571379977287,4.956488291648238,1.0857607229134003
ONM,Polymeric,Passive,Liver,Allograft Heterotopic,Spherical,2.1285705256792893,-1.301796272765594,21.53628761202708,0.9592651571629449
INM,Other IM,Active,Cervix,Xenograft Heterotopic,Spherical,1.2800385068673912,-13.639362865798818,5.044298889335841,1.6497108112563947
Hybrid,Hybrid,Passive,Breast,Xenograft Orthotopic,Plate,2.0233377155549936,-4.734529826416981,4.479294946522699,2.027344968162858
INM,Gold,Passive,Brain,Xenograft Heterotopic,Others,2.0108553027383103,13.089467219320056,21.524285138241673,0.5444862756953819
ONM,Other OM,Passive,Liver,Allograft Heterotopic,Plate,2.1409106480461944,-17.667983174796902,3.338850693510217,0.5333974992758157
ONM,Hydrogel,Active,Breast,Allograft Heterotopic,Spherical,2.1343144934947555,-16.157992097393798,0.34050043182707307,0.12297268930388497
ONM,Polymeric,Active,Ovary,Xenograft Orthotopic,Spherical,2.0023330626837192,-3.1777974965037394,21.07456851191999,0.14621521280234723
ONM,Polymeric,Active,Breast,Allograft Heterotopic,Spherical,2.263992167009144,-23.07970807327748,23.717485414797626,9.968918779500003
ONM,Liposome,Passive,Ovary,Xenograft Heterotopic,Spherical,2.2964382392051315,-14.924181111015175,46.11833752815705,1.2591433483161882
INM,Iron Oxide,Passive,Pancreas,Xenograft Heterotopic,Spherical,0.4551626999860664,-14.056385073951025,5.19300448292556,0.5122605802512483
INM,Gold,Active,Skin,Xenograft Orthotopic,Others,0.4313638,-13.874640338265735,5.490073242888568,2.1025961020058777
ONM,Polymeric,Passive,Breast,Xenograft Orthotopic,Spherical,1.919596042995489,-0.6344564920406415,3.1431551594098437,0.000174073
ONM,Polymeric,Active,Sarcoma,Allograft Orthotopic,Rod,1.5556361226751887,-26.080428947446816,0.4830221474510821,0.35113086238838664
INM,Liposome,Active,Lung,Xenograft Heterotopic,Spherical,2.307059361743987,11.735108459621822,17.475362315988846,3.278150890962464
INM,Gold,Active,Skin,Xenograft Orthotopic,Rod,1.5768179322159377,-1.1981460234463723,3.8566143011556884,4.430196273699758
INM,Hybrid,Active,Others,Xenograft Heterotopic,Spherical,2.2234810516598387,-34.16588443390221,57.860103640000005,5.156779120379118
INM,Other IM,Passive,Lung,Xenograft Heterotopic,Spherical,1.8788136671369964,27.184093539138228,36.9340637093308,0.4700361663716036
Hybrid,Hybrid,Active,Brain,Xenograft Heterotopic,Spherical,2.4204885362794477,-11.412271655553655,5.680892636303418,7.501698431989411
ONM,Liposome,Passive,Colon,Xenograft Heterotopic,Spherical,1.6501906523816003,12.265726237309849,44.376411065127655,0.43286498524447453
INM,Other IM,Active,Pancreas,Xenograft Orthotopic,Others,1.3788132866747764,-16.414084091090473,8.901195372122622,0.2856370908964925
Hybrid,Hybrid,Active,Liver,Xenograft Heterotopic,Rod,2.14297720423595,14.643694727441838,2.34386388067124,0.2252717690928303
Hybrid,Hybrid,Active,Liver,Xenograft Heterotopic,Spherical,1.5182926740671447,0.1560294454281177,4.2788635415557295,9.968918779500003
ONM,Polymeric,Active,Liver,Allograft Heterotopic,Spherical,1.818384339709185,-15.263929971026256,11.033102151671521,0.13262814802590392
INM,Other IM,Passive,Sarcoma,Allograft Orthotopic,Plate,1.5731283209563327,-32.01442239391475,6.200637304799295,0.18400694132092688
ONM,Other OM,Passive,Breast,Allograft Orthotopic,Plate,1.3613554877640714,-20.300978503328317,3.6205741892577894,0.6370607884011057
INM,Other IM,Passive,Cervix,Xenograft Heterotopic,Spherical,2.159385296368623,12.643647696690019,4.4233390206723575,1.2433240267527972
INM,Gold,Active,Breast,Allograft Heterotopic,Rod,1.9330174260033521,-18.884779844320533,6.102371597010199,7.926978825317608
ONM,Other OM,Passive,Breast,Xenograft Heterotopic,Rod,1.9227794821409019,2.4089581680222096,43.10989836487857,9.968918779500003
INM,Other IM,Passive,Glioma,Allograft Orthotopic,Plate,1.3262315381194756,-36.5115181719858,5.5218165524751015,0.15755064591799225
ONM,Hydrogel,Active,Liver,Allograft Heterotopic,Spherical,2.0865548864247048,-20.955766182646094,4.085724766628126,1.4318055872536877
ONM,Polymeric,Passive,Cervix,Xenograft Heterotopic,Spherical,1.3906581193716225,-1.7832748547132224,10.975225128104887,8.407624997586758
ONM,Other OM,Active,Lung,Xenograft Heterotopic,Plate,1.648702837496498,0.5787344664263276,4.134476114653292,0.41549116795294294
ONM,Other OM,Passive,Skin,Allograft Orthotopic,Spherical,2.5274409551201034,-18.85326037809265,3.569533344927497,7.712874688963398
ONM,Polymeric,Passive,Breast,Xenograft Heterotopic,Spherical,2.16096102263,-2.428437424672259,26.010639044781634,1.5327578678246359
ONM,Polymeric,Passive,Skin,Allograft Orthotopic,Spherical,1.6021394870970318,-21.222162706239835,0.6628448604109121,0.42287177527391734
INM,Liposome,Passive,Lung,Xenograft Heterotopic,Others,2.1569027897091666,5.482960631541825,2.1435200295130827,0.39472628961768846
ONM,Polymeric,Passive,Liver,Allograft Orthotopic,Rod,2.0826275353498778,14.469780477638981,10.042191320913103,0.16804420199614015
INM,Other IM,Active,Cervix,Xenograft Heterotopic,Spherical,1.4212187779906547,-0.7744722396415966,6.336062781514584,9.968918779500003
ONM,Other OM,Passive,Lung,Xenograft Heterotopic,Rod,1.8162644390752805,0.7880163899126029,57.860103640000005,0.31518533528756665
ONM,Polymeric,Active,Breast,Xenograft Heterotopic,Spherical,1.9897092896206836,1.1103632351745167,24.527825658140042,6.436315235743001
ONM,Polymeric,Active,Breast,Allograft Heterotopic,Spherical,1.955375387591894,-3.31889762397779,2.0743289397635385,3.4111546702346685
INM,Other IM,Passive,Sarcoma,Xenograft Orthotopic,Spherical,1.8788281700283416,0.8914187171537913,3.4600479240846758,0.32478257232653257
INM,Iron Oxide,Passive,Brain,Xenograft Heterotopic,Spherical,1.3815292658731593,-3.6019012697997184,12.077733402351555,0.623978661216843
INM,Gold,Active,Skin,Xenograft Orthotopic,Spherical,1.3135250826449534,2.9215597189038123,1.125193546114636,1.2472337779001235
INM,Gold,Passive,Others,Xenograft Heterotopic,Others,1.5950921846105384,-7.463159924636905,1.1583295830139813,0.63959943070458
ONM,Polymeric,Passive,Breast,Allograft Heterotopic,Spherical,2.2772203376396694,-29.92342552106573,1.0655597951563318,0.23611841274264514
INM,Gold,Passive,Pancreas,Xenograft Heterotopic,Others,1.5612942598337356,-0.5249379480462635,2.0453352286560973,0.13548244790230368
INM,Other IM,Passive,Sarcoma,Xenograft Heterotopic,Others,1.1824232190480837,3.785975624942566,7.893894985284691,7.165240033515692
ONM,Polymeric,Passive,Breast,Allograft Heterotopic,Spherical,1.878019222797894,-16.861959212351138,4.489746158651902,0.7811587972996137
INM,Gold,Active,Brain,Xenograft Orthotopic,Rod,1.705899497262973,-2.127601665144012,0.23412760548346928,1.0401888767759386
ONM,Polymeric,Passive,Liver,Allograft Heterotopic,Spherical,1.813900762260964,-4.128622766614422,18.441076047548467,0.4089400941221835
ONM,Other OM,Passive,Breast,Allograft Heterotopic,Spherical,1.6392209831104856,-1.9272782328434863,0.5416424820886498,0.4926694561807606
INM,Silica,Active,Breast,Xenograft Orthotopic,Spherical,1.3251421560799272,-21.184477899488964,4.041461162209851,0.11678982076886482
Hybrid,Other OM,Active,Liver,Allograft Heterotopic,Spherical,2.1526921414615234,-0.011372684314753911,7.882981730833972,0.8215943505687107
ONM,Hydrogel,Active,Liver,Allograft Heterotopic,Spherical,2.2111969002389262,-8.391161060270651,1.438789202628969,0.000174073
ONM,Other OM,Active,Liver,Allograft Heterotopic,Spherical,2.1269594654912196,-18.942553515973156,11.080673248378822,0.475392066265955
ONM,Dendrimer,Active,Liver,Allograft Heterotopic,Spherical,2.173125528264762,-10.254406045498266,4.644431854144903,4.48415551161711
INM,Silica,Active,Skin,Xenograft Orthotopic,Spherical,1.9943346444881043,-12.823413998995417,51.872954784047934,5.7511636504979355
ONM,Dendrimer,Passive,Colon,Allograft Orthotopic,Spherical,0.5421563947237805,0.8153126351089579,1.3281061793279467,8.616154962850432
INM,Silica,Active,Breast,Xenograft Orthotopic,Spherical,2.0244916831350026,-1.92257159367829,12.10055435166877,0.23972867066365916
ONM,Other OM,Active,Skin,Allograft Orthotopic,Spherical,2.125596379285339,-9.956813056819323,9.970515292471305,0.6947624948648645
ONM,Polymeric,Passive,Ovary,Xenograft Orthotopic,Spherical,1.8817307360033018,-2.556266559285735,7.8269071440746245,0.09833675172532015
ONM,Polymeric,Passive,Skin,Xenograft Orthotopic,Spherical,1.8676919126415699,-46.29361493216675,36.51156277506492,0.6669224218188776
ONM,Polymeric,Passive,Lung,Xenograft Heterotopic,Spherical,2.3071333608452584,8.709834821645497,57.860103640000005,0.3670754398168444
ONM,Liposome,Active,Colon,Allograft Heterotopic,Spherical,2.334720473649019,-14.987196553086376,9.647297303558,0.5382311782600817
Hybrid,Hybrid,Active,Breast,Xenograft Heterotopic,Spherical,2.4015514656590864,32.48110596879203,27.216098867728302,5.79872079771104
ONM,Other OM,Active,Cervix,Xenograft Orthotopic,Spherical,1.8356794916205514,-37.46863358538826,6.084866059117119,0.13456294649827696
ONM,Hydrogel,Active,Liver,Xenograft Heterotopic,Spherical,2.2977324443457405,14.498102641708272,20.278899174941515,0.3837175564631614
INM,Gold,Passive,Ovary,Xenograft Heterotopic,Rod,1.9503665159099413,-4.29617297871957,0.9127522082487043,0.4090553711872393
INM,Other IM,Active,Lung,Xenograft Heterotopic,Others,2.4081169810120904,-10.755681216690121,6.838680971059488,0.8361053808590795
ONM,Other OM,Passive,Sarcoma,Allograft Orthotopic,Spherical,2.3869880351718424,-24.90307305578208,0.28218359333776444,0.5212887971818174
ONM,Liposome,Passive,Breast,Allograft Orthotopic,Spherical,0.7635267719606692,-42.4284395471167,0.3756552779140187,0.04775996502640335
INM,Silica,Active,Prostate,Xenograft Heterotopic,Spherical,1.4863087867951885,-14.495624303407938,0.9257003769908903,0.45831670472748964
ONM,Other OM,Active,Breast,Xenograft Heterotopic,Spherical,1.8603980380364222,-20.41918626928399,5.955075384199464,0.01034117365931072
ONM,Other OM,Active,Breast,Xenograft Heterotopic,Spherical,1.8071093702530916,1.5145188826250338,54.67341692717267,7.113122946275801
ONM,Polymeric,Active,Breast,Xenograft Orthotopic,Spherical,2.021225483539609,-23.127820372149152,54.007427831005735,0.6648958595797321
ONM,Polymeric,Passive,Liver,Allograft Heterotopic,Spherical,2.0593997867789975,-11.20075035383,5.057913608548444,1.6563414602361703
ONM,Other OM,Passive,Breast,Allograft Orthotopic,Rod,2.2714905421980904,-5.896392870756559,5.074233679837435,0.003004953723408492
ONM,Polymeric,Passive,Breast,Allograft Orthotopic,Rod,2.132967143294078,-12.688009462554922,12.462227658525226,0.000174073
ONM,Liposome,Active,Breast,Allograft Heterotopic,Spherical,2.1302240539098616,-15.10271991770395,2.6605565055789824,0.5550010090738724
INM,Gold,Passive,Skin,Allograft Orthotopic,Spherical,1.343834193760976,-21.14169052666793,57.860103640000005,9.627240806112752
ONM,Polymeric,Active,Colon,Allograft Heterotopic,Spherical,1.9114050749911766,-8.538416435963558,16.906131728369292,0.4294583181302699
Hybrid,Hybrid,Passive,Colon,Xenograft Heterotopic,Others,1.1907720488976834,2.731005369130579,27.823172007949264,2.8759020467459053
ONM,Liposome,Active,Cervix,Xenograft Heterotopic,Rod,1.4798813538670696,-28.93141187686953,7.177749790058728,0.979705959134586
ONM,Polymeric,Passive,Lung,Xenograft Heterotopic,Spherical,2.0772258279481677,7.8863998908599315,5.003057253259418,0.9840149306630783
ONM,Liposome,Passive,Liver,Xenograft Heterotopic,Spherical,1.518959979183601,-2.109011025158452,24.05639567799814,0.9494893593120437
ONM,Polymeric,Active,Lung,Xenograft Heterotopic,Spherical,1.7081426031310707,-2.254362109217932,51.68496710225662,0.6704371736067438
Hybrid,Hybrid,Passive,Breast,Allograft Heterotopic,Others,2.017438670635229,8.82902513112964,2.9666477526478303,0.3993132075194343
ONM,Hydrogel,Active,Liver,Allograft Heterotopic,Spherical,2.049798388051785,-9.613225473694524,5.293372930097937,0.21287353201016446
INM,Hybrid,Active,Pancreas,Xenograft Orthotopic,Spherical,1.239691909802704,-25.857512693363383,57.860103640000005,0.6365654022151139
INM,Gold,Passive,Skin,Allograft Orthotopic,Spherical,0.8591478587627217,-33.574620825739714,0.2569907487914152,1.1431037844832912
INM,Other IM,Passive,Sarcoma,Xenograft Orthotopic,Spherical,2.0052222545879803,24.244259005215245,6.14317644589883,0.057847854678624626
INM,Other IM,Active,Glioma,Xenograft Heterotopic,Others,2.1488294491106106,-24.77188363918629,7.448316703058408,0.7603281885571953
ONM,Liposome,Passive,Cervix,Allograft Heterotopic,Spherical,2.221889770372656,9.737299883039364,0.5193973389971089,2.0355547509187217
INM,Other IM,Passive,Cervix,Xenograft Orthotopic,Spherical,2.1644185634598117,15.81227896280485,3.8555325494048933,0.229283076051617
ONM,Polymeric,Active,Glioma,Xenograft Orthotopic,Spherical,2.081661703521746,3.7820302872371094,2.249625269064336,0.262274542371419
INM,Other OM,Active,Breast,Xenograft Heterotopic,Rod,2.1082070222297626,2.0890001289067612,1.3481202000573802,3.114816819871752
INM,Other IM,Passive,Cervix,Xenograft Heterotopic,Spherical,1.161874525087368,24.68112711588627,5.512170133624887,0.15583590025672953
ONM,Dendrimer,Passive,Ovary,Xenograft Heterotopic,Spherical,0.8878993849233655,-7.854052334754532,1.0978768905813578,0.2512705026072781
ONM,Liposome,Passive,Lung,Xenograft Heterotopic,Spherical,2.225568277843953,-3.7902525095163693,57.860103640000005,1.1174905989993964
INM,Gold,Active,Colon,Allograft Heterotopic,Spherical,1.3913821571207619,-5.729556378483041,38.81466737657448,7.652645629171657
INM,Hybrid,Active,Lung,Xenograft Heterotopic,Spherical,1.9739892106043961,-8.187013034040877,4.933374445790233,0.11755645392598016
INM,Other OM,Active,Brain,Xenograft Heterotopic,Rod,1.1557737046456023,1.4287998357627614,5.707156488508486,0.43971594844348943
INM,Gold,Passive,Brain,Xenograft Heterotopic,Others,1.7267403239030792,7.542067784118777,0.36363995061700416,1.4598425505511923
INM,Other IM,Active,Skin,Xenograft Orthotopic,Spherical,1.8347921649739338,-21.20131433392112,10.611405716647985,5.655747938595347
ONM,Other OM,Passive,Prostate,Xenograft Heterotopic,Spherical,0.8870418391227927,-0.8762418131972541,7.913278880681105,0.2188308657265084
INM,Silica,Active,Liver,Xenograft Orthotopic,Spherical,1.9415012125372357,-24.858211853690978,6.76846767789532,1.0168458028428038
ONM,Polymeric,Passive,Breast,Allograft Orthotopic,Spherical,1.4788515932343795,-11.57411499824483,3.688044325985028,0.20470574039553316
INM,Other IM,Passive,Glioma,Allograft Orthotopic,Spherical,2.3765380025796174,-31.491841563697694,51.414418870090024,0.8066580500926668
INM,Silica,Passive,Skin,Xenograft Heterotopic,Spherical,1.4474427569678052,-4.8252712587535775,5.10856177506245,0.4722823969344702
ONM,Other OM,Passive,Ovary,Xenograft Heterotopic,Rod,1.5217183134334917,-13.017739695826625,1.35e-09,0.27021828334685255
ONM,Liposome,Passive,Breast,Xenograft Heterotopic,Spherical,1.9801392586106659,-23.759491712950126,2.730630597081565,0.32196222823781406
ONM,Other OM,Passive,Colon,Allograft Heterotopic,Rod,2.17592860465049,1.2378839740067296,3.409547449278608,0.3923909434101321
ONM,Liposome,Passive,Breast,Xenograft Heterotopic,Spherical,1.8922666325833726,-0.17910007927061034,42.9535707769157,0.7407002193747321
Hybrid,Other IM,Active,Liver,Allograft Heterotopic,Spherical,1.9127237583621022,-6.997248290835382,47.84301823370604,0.1295232844650724
ONM,Polymeric,Passive,Breast,Allograft Heterotopic,Spherical,2.3515075826508767,-13.47940745487013,19.917966773881993,0.17371378627344497
INM,Gold,Active,Skin,Allograft Heterotopic,Rod,1.8885804933029242,-34.700956815407835,6.353963021824231,7.00569231815712
INM,Gold,Passive,Breast,Xenograft Heterotopic,Spherical,1.4115211664297473,14.264175154848555,38.85258181640949,0.9472216339869146
ONM,Other OM,Passive,Sarcoma,Allograft Heterotopic,Plate,2.267732219745236,-4.322149950722414,18.473807258661424,0.1371186231244022
Hybrid,Hybrid,Active,Breast,Xenograft Heterotopic,Spherical,2.23959892952579,-0.43745000535036027,5.963423554810236,8.474095571811938
ONM,Liposome,Passive,Others,Xenograft Heterotopic,Spherical,1.6608878966953338,-1.0476459831885352,55.103676102924084,0.30491213301266457
INM,Other IM,Active,Sarcoma,Allograft Orthotopic,Spherical,1.1321714777577538,-17.370303351786088,5.509666718667479,7.462318099371933
ONM,Other OM,Passive,Breast,Allograft Heterotopic,Spherical,2.0536203968477253,-4.440509904403704,32.35777768807335,0.5537154213654121
ONM,Other OM,Passive,Colon,Allograft Heterotopic,Spherical,0.7717196897093563,-9.643261247501151,0.03738819628094242,0.12084065080831591
INM,Other IM,Active,Cervix,Xenograft Heterotopic,Rod,1.7052332054471475,0.9907450634999755,57.860103640000005,1.2984991046473193
ONM,Other OM,Passive,Breast,Allograft Heterotopic,Plate,1.401373224797589,-3.0617721016440917,10.746689206416265,0.1548431129177121
ONM,Liposome,Passive,Colon,Allograft Heterotopic,Spherical,1.1847542680656038,2.1174174184666055,2.570420853016937,0.800721114998493
INM,Other IM,Passive,Glioma,Allograft Orthotopic,Spherical,1.4820773201843154,-35.85186303082062,25.464437880831365,0.12041361197576952
ONM,Polymeric,Passive,Breast,Allograft Heterotopic,Spherical,2.1128559308755364,-23.425424618256983,0.6547070230590635,0.24062775853417423
ONM,Other OM,Active,Breast,Allograft Orthotopic,Rod,2.1034565423482587,-35.68636408049654,3.8717941697141693,0.018489395642984293
INM,Gold,Active,Cervix,Xenograft Heterotopic,Others,0.5519031752690138,23.096519817578226,5.976545503437423,1.206393805211028
ONM,Other OM,Active,Brain,Allograft Heterotopic,Rod,2.2102358137519347,-12.32657671634067,10.611854833129735,0.261285385366754
INM,Silica,Passive,Skin,Allograft Orthotopic,Spherical,2.177825538667199,-13.35973510545196,57.860103640000005,2.1309831170525264
ONM,Polymeric,Active,Breast,Xenograft Heterotopic,Rod,2.412634054986007,-2.2579829796895243,8.867233248845974,0.38013096551852027
Hybrid,Hybrid,Passive,Liver,Allograft Heterotopic,Spherical,2.3221423442034146,28.01780874283717,0.46851779610527017,9.968918779500003
ONM,Other OM,Passive,Ovary,Allograft Heterotopic,Rod,2.249827124321466,-10.702074211049727,11.9541859951686,5.935774813619456
INM,Gold,Active,Brain,Xenograft Heterotopic,Others,1.6295243561122834,-14.632138823244215,3.071475516851214,0.8996028785014425
Hybrid,Hybrid,Passive,Liver,Xenograft Heterotopic,Spherical,2.465761998697416,-13.810120972095598,1.079243064335016,8.667675653427235
ONM,Hydrogel,Active,Liver,Allograft Heterotopic,Spherical,2.2144874246922654,-38.45733252705168,3.4068256538463606,0.000174073
INM,Gold,Passive,Pancreas,Xenograft Orthotopic,Others,1.278269646373392,-4.424834210119222,5.096216143091657,1.2103555528246743
INM,Iron Oxide,Active,Pancreas,Xenograft Heterotopic,Others,2.1454621065718316,-4.125769729986681,4.572263876468288,0.48299777994750587
INM,Other IM,Passive,Breast,Xenograft Heterotopic,Others,1.58674067964902,0.22803497427380215,4.482004429819947,0.1602506655048782
INM,Silica,Passive,Breast,Xenograft Orthotopic,Spherical,0.7090287892311926,-16.934565805550115,5.5488697455110225,0.3861842309132445
ONM,Dendrimer,Active,Sarcoma,Allograft Orthotopic,Spherical,2.0565268768855782,-17.932514222867866,3.110979927324345,0.6715683701119819
Hybrid,Hybrid,Active,Liver,Allograft Heterotopic,Spherical,2.4510909130759395,21.734260778830848,2.662014559506821,5.163092126023539
ONM,Other OM,Active,Liver,Allograft Heterotopic,Spherical,2.0525306064023874,-11.04346713668151,3.722439895703178,0.09142689637585794
INM,Gold,Passive,Brain,Xenograft Heterotopic,Others,2.0751550586193974,0.6431958578638586,2.081489927030632,2.6183997763681806
ONM,Dendrimer,Active,Sarcoma,Xenograft Orthotopic,Spherical,0.6568568259988015,15.387036141645128,0.8984083179380533,5.758245910345948
ONM,Polymeric,Passive,Skin,Xenograft Orthotopic,Spherical,2.2853616129959717,-4.33589268742206,16.30878306767093,0.22329574621414763
INM,Gold,Active,Brain,Xenograft Heterotopic,Rod,1.4586621016960573,-12.595455261166018,10.502644623795,0.19001978279638013
Hybrid,Hybrid,Active,Breast,Allograft Heterotopic,Spherical,2.2169910998062843,16.594971595894183,29.594726153821835,1.949590717554659
ONM,Gold,Passive,Breast,Allograft Heterotopic,Rod,1.9115798213351176,-13.403482378793777,4.462401510945888,0.41754481177787517
INM,Gold,Passive,Skin,Allograft Orthotopic,Others,1.051163525745795,-8.093766969715292,4.464718604934179,0.7122539453895391
Hybrid,Hybrid,Passive,Breast,Xenograft Heterotopic,Rod,1.3768846299134638,-5.076508381303805,6.601825240932686,0.40800217188510274
ONM,Other OM,Active,Lung,Allograft Heterotopic,Rod,2.324777796858083,-17.911841801103293,9.824326743318544,0.8678999140817945
ONM,Polymeric,Passive,Ovary,Xenograft Heterotopic,Rod,2.2589209770656495,-3.8496603320900853,17.324039600857322,0.0275747265374817
ONM,Other OM,Passive,Breast,Allograft Heterotopic,Spherical,2.0096550351071243,0.7288781216014213,4.275370854862008,0.7210627236038432
ONM,Other OM,Passive,Pancreas,Xenograft Heterotopic,Plate,1.0618836991314093,-9.842707587477165,5.15902865720913,0.7688469727359446
INM,Gold,Passive,Prostate,Xenograft Heterotopic,Rod,0.7181982949134966,-4.1924835903629125,7.843625606986857,0.24829707170335288
Hybrid,Hybrid,Passive,Breast,Allograft Heterotopic,Rod,2.4155284492810725,33.95222247899736,57.860103640000005,5.664180486003719
ONM,Polymeric,Passive,Breast,Allograft Heterotopic,Rod,2.445322467797019,-38.22836673899577,23.122426317254874,0.18295435352417347
Hybrid,Hybrid,Active,Breast,Xenograft Heterotopic,Rod,2.350658267812539,-19.058981500745045,10.076015831522179,9.968918779500003
INM,Gold,Active,Brain,Xenograft Heterotopic,Others,1.5792234178762994,20.42879969924764,6.029308674478079,1.303806569037416
INM,Iron Oxide,Active,Brain,Xenograft Heterotopic,Others,1.975453143744987,-3.183296333846103,11.454644230705378,1.059869124432054
ONM,Polymeric,Active,Brain,Xenograft Heterotopic,Spherical,1.8638207319807396,-0.9303434759486608,4.5806404444264865,0.6503372379378594
ONM,Liposome,Passive,Colon,Xenograft Heterotopic,Spherical,2.1026521050323628,-22.82133662086199,26.70580198416679,0.16868720462672204
Hybrid,Hybrid,Passive,Liver,Allograft Heterotopic,Spherical,2.039661523435236,41.371683022166415,1.2413454915866802,7.752986483544765
ONM,Polymeric,Passive,Cervix,Xenograft Heterotopic,Spherical,2.08432390738526,-0.563515273980379,4.804746758207367,1.4546475907671637
INM,Gold,Passive,Others,Xenograft Heterotopic,Others,1.1850064580019808,-0.8320399010974953,31.26780939589159,7.03888675638167
INM,Gold,Passive,Brain,Xenograft Heterotopic,Rod,2.048980453200432,25.519766099121384,2.1679386940368803,1.7451217923099436
ONM,Polymeric,Passive,Cervix,Xenograft Heterotopic,Spherical,2.0659681763302227,-6.770236266957995,4.1048079260274095,1.1551323916999006
ONM,Liposome,Passive,Lung,Allograft Heterotopic,Spherical,2.2168281815395487,2.244679811957978,32.20080994243109,7.965046150612325
Hybrid,Hybrid,Passive,Breast,Allograft Heterotopic,Spherical,2.06417367358481,23.617326284784106,1.1482156960577452,0.3862098237535802
ONM,Polymeric,Passive,Breast,Xenograft Heterotopic,Spherical,1.1530497346617388,1.9700378504895282,3.0300183508606677,1.5088318997850068
ONM,Other OM,Active,Breast,Allograft Heterotopic,Spherical,2.071439336876146,-4.621587781479173,7.257666009758452,1.0884370715538805
ONM,Other OM,Passive,Colon,Allograft Heterotopic,Spherical,1.9980766603905376,-42.872087337473744,4.0189257238968,0.21291851967829484
ONM,Polymeric,Passive,Colon,Allograft Heterotopic,Spherical,1.8756652145778079,-7.776661500314233,10.843004676898063,0.04188951778406127
ONM,Polymeric,Passive,Liver,Allograft Heterotopic,Spherical,2.211413517239987,40.99380814150493,48.56905527061858,6.978166848037745
Hybrid,Hybrid,Passive,Breast,Allograft Heterotopic,Rod,1.3843306486166067,0.7829876844003008,4.61405492286069,0.49502584863066684
INM,Gold,Passive,Pancreas,Xenograft Heterotopic,Others,1.9206517111558599,-5.239939174079643,4.935921154904028,0.35030845100816016
ONM,Other OM,Active,Sarcoma,Xenograft Heterotopic,Rod,1.610099074166288,-8.54540184979778,5.013720365095685,0.2627096761548491
ONM,Polymeric,Passive,Colon,Xenograft Orthotopic,Spherical,2.0219900386711673,-4.1256715867127625,45.17071377624853,1.6139385402089461
INM,Other IM,Passive,Cervix,Xenograft Heterotopic,Rod,2.022683103873434,-9.119506845713609,6.220636727073471,0.015271766768670071
ONM,Liposome,Active,Prostate,Xenograft Heterotopic,Spherical,2.2206755151812896,-19.521330927483813,43.50172938922681,7.521979704913537
ONM,Polymeric,Passive,Colon,Xenograft Heterotopic,Spherical,2.2049613563384995,-20.440329955598106,28.161364534691078,0.17440673597150338
ONM,Hydrogel,Active,Glioma,Allograft Heterotopic,Spherical,3.0498284914321796,-17.799989191408816,1.7005294649408587,0.2741134778457026
INM,Gold,Active,Others,Xenograft Heterotopic,Spherical,1.3342531283357415,-0.2935804107281119,53.74744662984203,1.615162914032441
ONM,Liposome,Passive,Liver,Allograft Heterotopic,Rod,2.2864978936742255,-30.305324101689095,5.66845681242793,0.000174073
ONM,Polymeric,Active,Skin,Xenograft Orthotopic,Spherical,1.1194615534220789,-25.9172423244197,9.09604336193286,0.7069434362047322
Hybrid,Hybrid,Active,Breast,Allograft Heterotopic,Spherical,2.066709259354215,0.41661935813665174,2.676870417230005,1.6774985787277061
INM,Other IM,Passive,Liver,Allograft Heterotopic,Spherical,2.0801430317821588,-2.721621107119306,5.508765980809788,0.3924262582611045
ONM,Other OM,Passive,Breast,Xenograft Heterotopic,Spherical,1.6752208909889483,-21.121912446539117,3.6229972968615893,0.058024908136172906
ONM,Polymeric,Active,Breast,Xenograft Orthotopic,Spherical,2.048205020900365,-10.575334772257442,4.412537774588765,1.516972248118683
ONM,Gold,Active,Breast,Xenograft Orthotopic,Rod,1.9564947727698245,-21.122133003829845,3.4673480134826082,1.919269009997313
ONM,Other OM,Passive,Lung,Xenograft Heterotopic,Spherical,1.8832313067357342,13.485488443977609,36.1226753366031,0.5010564568689058
ONM,Hydrogel,Active,Liver,Allograft Heterotopic,Spherical,2.5753136006945874,-39.15133076140493,5.735254986931417,0.02503962054880881
INM,Gold,Active,Brain,Xenograft Orthotopic,Others,1.4747893254612865,25.321908846864005,2.7289865121828987,0.000174073
ONM,Other OM,Active,Brain,Allograft Heterotopic,Rod,2.4074358359104515,-4.339884755080085,57.860103640000005,2.043420159822582
ONM,Polymeric,Active,Breast,Xenograft Heterotopic,Spherical,1.2379436581471708,-29.24740806432982,2.9013295738689333,0.3899623876580329
ONM,Other OM,Passive,Ovary,Xenograft Orthotopic,Spherical,1.9559909383981595,-15.200498580518799,13.068379895333214,0.19968711120552435
INM,Other IM,Active,Breast,Allograft Heterotopic,Spherical,1.990616603754612,-20.98030761739922,1.5184139809389903,0.13577930796162782
ONM,Other OM,Passive,Liver,Allograft Heterotopic,Spherical,2.069471728871155,-24.04773964303282,4.1413734678957,0.03642361517583934
INM,Iron Oxide,Active,Sarcoma,Xenograft Heterotopic,Spherical,1.8635349324537773,-12.67578861050476,5.027590569365468,4.3723286131005565
ONM,Dendrimer,Passive,Ovary,Xenograft Orthotopic,Spherical,1.1850655738591198,-2.931587033461722,1.0262975512005874,0.29748036922564197
INM,Silica,Active,Breast,Xenograft Heterotopic,Spherical,1.0631181842999176,-15.86600370009666,11.73695798384165,0.4417887589308578
